{
  "latency_ms_mean": 9.809989929199219,
  "latency_ms_median": 9.420990943908691,
  "latency_ms_p95": 11.631476879119871
}